DATE,CPI,UNRATE,IMPORTS,EXPORTS,GDP,year,INFLATION,INFLATION_LAG,TRADE,TRADE_GDP,UNRATE_x_TRADE,INFLATION_GAP
1948-07-01,24.4,3.6,10.456,15.405,279.196,1948,2.434928631402178,0.5912162162162282,25.860999999999997,9.262668519606295,33.34560667058266,0.43492863140217786
1948-10-01,24.31,3.7,10.124,14.625,280.366,1948,-0.36885245901638886,2.434928631402178,24.749000000000002,8.827389911758203,32.66134267350535,-2.368852459016389
1949-01-01,24.01,4.3,9.604,16.082,275.034,1949,-1.234060057589459,-0.36885245901638886,25.686,9.339208970527281,40.158598573267305,-3.234060057589459
1949-04-01,23.92,5.3,9.364,15.647,271.351,1949,-0.3748438150770528,-1.234060057589459,25.011000000000003,9.217213129857639,48.85122958824548,-2.3748438150770528
1949-07-01,23.7,6.7,8.936,14.115,272.889,1949,-0.9197324414715768,-0.3748438150770528,23.051000000000002,8.447024247954296,56.595062461293786,-2.919732441471577
1949-10-01,23.67,7.9,9.092,12.091,270.627,1949,-0.12658227848100223,-0.9197324414715768,21.183,7.827378642929197,61.83629127914066,-2.1265822784810022
1950-01-01,23.51,6.5,9.501,11.704,280.828,1950,-0.6759611322348924,-0.12658227848100223,21.205,7.550885239363596,49.08075405586337,-2.6759611322348924
1950-04-01,23.65,5.8,10.229,11.872,290.383,1950,0.5954912803062484,-0.6759611322348924,22.101,7.610982736592707,44.1436998722377,-1.4045087196937516
1950-07-01,24.07,5.0,13.033,12.293,308.153,1950,1.7758985200845734,0.5954912803062484,25.326,8.218644634321262,41.09322317160631,-0.22410147991542662
1950-10-01,24.5,4.2,13.685,13.531,319.945,1950,1.7864561695056125,1.7758985200845734,27.216,8.50646204816453,35.72714060229102,-0.21354383049438752
1951-01-01,25.38,3.7,14.866,15.043,336.0,1951,3.591836734693876,1.7864561695056125,29.909,8.901488095238093,32.93550595238095,1.5918367346938762
1951-04-01,25.92,3.1,15.178,17.121,344.09,1951,2.1276595744680993,3.591836734693876,32.299,9.386788340259816,29.09904385480543,0.12765957446809928
1951-07-01,25.91,3.1,14.31,18.052,351.385,1951,-0.038580246913588745,2.1276595744680993,32.362,9.209841057529491,28.550507278341424,-2.0385802469135887
1951-10-01,26.16,3.5,13.99,18.18,356.178,1951,0.9648784253184051,-0.038580246913588745,32.17,9.032000853505833,31.612002987270415,-1.035121574681595
1952-01-01,26.45,3.2,14.958,18.679,359.82,1952,1.1085626911314872,0.9648784253184051,33.637,9.34828525373798,29.91451281196154,-0.8914373088685128
1952-04-01,26.46,2.9,14.63,16.581,361.03,1952,0.03780718336483524,1.1085626911314872,31.211,8.644987951139795,25.070465058305405,-1.9621928166351648
1952-07-01,26.68,3.2,15.25,15.246,367.701,1952,0.8314436885865417,0.03780718336483524,30.496000000000002,8.293695149047732,26.539824476952745,-1.1685563114134583
1952-10-01,26.69,3.0,16.342,15.329,380.812,1952,0.03748125937033109,0.8314436885865417,31.671,8.316702204762455,24.950106614287364,-1.962518740629669
1953-01-01,26.64,2.9,15.795,15.128,387.98,1953,-0.18733608092919019,0.03748125937033109,30.923000000000002,7.970256198773133,23.113742976442087,-2.18733608092919
1953-04-01,26.69,2.7,16.447,15.196,391.749,1953,0.18768768768768762,-0.18733608092919019,31.643,8.077365864367234,21.808887833791534,-1.8123123123123124
1953-07-01,26.79,2.6,16.307,15.755,391.171,1953,0.37467216185835817,0.18768768768768762,32.062,8.19641537844063,21.31067998394564,-1.6253278381416418
1953-10-01,26.95,3.1,15.507,15.172,385.97,1953,0.5972377752892832,0.37467216185835817,30.679000000000002,7.948545223722051,24.64049019353836,-1.4027622247107168
1954-01-01,26.94,4.9,14.78,14.424,385.345,1954,-0.037105751391453,0.5972377752892832,29.204,7.578663275765872,37.135450051252775,-2.037105751391453
1954-04-01,26.86,5.9,16.184,16.438,386.121,1954,-0.29695619896066283,-0.037105751391453,32.622,8.448646926740581,49.84701686776943,-2.296956198960663
1954-07-01,26.86,5.8,15.304,15.878,390.996,1954,0.0,-0.29695619896066283,31.182000000000002,7.975017647239359,46.255102353988285,-2.0
1954-10-01,26.72,5.7,15.46,16.605,399.734,1954,-0.5212211466865235,0.0,32.065,8.02158435359514,45.7230308154923,-2.5212211466865235
1955-01-01,26.77,4.9,16.169,17.273,413.073,1955,0.18712574850299202,-0.5212211466865235,33.442,8.09590556632847,39.66993727500951,-1.812874251497008
1955-04-01,26.79,4.7,17.097,16.942,421.532,1955,0.07471049682479247,0.18712574850299202,34.039,8.0750690339049,37.95282445935303,-1.9252895031752075
1955-07-01,26.76,4.0,17.421,18.145,430.221,1955,-0.11198208286673506,0.07471049682479247,35.566,8.266913981418853,33.06765592567541,-2.111982082866735
1955-10-01,26.82,4.3,18.109,18.349,437.092,1955,0.22421524663676085,-0.11198208286673506,36.458,8.34103575448647,35.86645374429182,-1.7757847533632392
1956-01-01,26.83,4.0,18.925,19.365,439.746,1956,0.037285607755399575,0.22421524663676085,38.29,8.707299213636963,34.82919685454785,-1.9627143922446004
1956-04-01,26.93,4.0,18.973,20.882,446.01,1956,0.372717107715248,0.037285607755399575,39.855000000000004,8.935898298244435,35.74359319297774,-1.627282892284752
1956-07-01,27.29,4.4,19.253,21.822,451.191,1956,1.3367991088006015,0.372717107715248,41.075,9.103683362478419,40.056206794905044,-0.6632008911993985
1956-10-01,27.51,3.9,18.541,23.068,460.463,1956,0.8061561011359464,1.3367991088006015,41.609,9.036339510449265,35.241724090752136,-1.1938438988640536
1957-01-01,27.67,4.2,20.1,24.919,469.779,1957,0.58160668847691,0.8061561011359464,45.019000000000005,9.583016695084286,40.248670119354,-1.41839331152309
1957-04-01,27.93,3.9,20.27,24.369,472.025,1957,0.9396458258041029,0.58160668847691,44.638999999999996,9.456914358349664,36.88196599756369,-1.060354174195897
1957-07-01,28.19,4.2,19.762,23.759,479.49,1957,0.9308986752595727,0.9396458258041029,43.521,9.076518801226303,38.12137896515048,-1.0691013247404273
1957-10-01,28.32,4.5,19.634,23.022,474.864,1957,0.4611564384533473,0.9308986752595727,42.656,8.982782438761413,40.42252097442636,-1.5388435615466527
1958-01-01,28.64,5.8,19.455,20.534,467.54,1958,1.1299435028248705,0.4611564384533473,39.989,8.553064978397568,49.60777687470589,-0.8700564971751295
1958-04-01,28.94,7.4,20.075,20.546,471.978,1958,1.0474860335195624,1.1299435028248705,40.620999999999995,8.606545220328064,63.68843463042768,-0.9525139664804376
1958-07-01,28.89,7.5,19.739,20.595,485.841,1958,-0.1727712508638568,1.0474860335195624,40.334,8.301893006148102,62.264197546110765,-2.172771250863857
1958-10-01,28.91,6.7,20.823,20.563,499.555,1958,0.06922810661127432,-0.1727712508638568,41.385999999999996,8.284573270210487,55.50664091041026,-1.9307718933887257
1959-01-01,29.01,6.0,21.396,21.915,510.33,1959,0.3459010722933309,0.06922810661127432,43.311,8.486861442595968,50.92116865557581,-1.654098927706669
1959-04-01,28.98,5.2,22.544,21.776,522.653,1959,-0.10341261633919352,0.3459010722933309,44.32,8.479813566553716,44.09503054607932,-2.1034126163391935
1959-07-01,29.15,5.1,22.868,24.079,525.034,1959,0.5866114561766667,-0.10341261633919352,46.947,8.941706632332384,45.60270382489515,-1.4133885438233333
1959-10-01,29.35,5.7,22.504,23.131,528.6,1959,0.6861063464837169,0.5866114561766667,45.635000000000005,8.633181990162694,49.20913734392735,-1.313893653516283
1960-01-01,29.37,5.2,23.288,26.145,542.648,1960,0.06814310051106443,0.6861063464837169,49.433,9.109588536215005,47.36986038831803,-1.9318568994889356
1960-04-01,29.54,5.2,23.455,26.85,541.08,1960,0.5788219271365191,0.06814310051106443,50.305,9.297146447845051,48.34516152879427,-1.4211780728634809
1960-07-01,29.55,5.5,22.879,27.561,545.604,1960,0.03385240352065111,0.5788219271365191,50.44,9.244800258062623,50.84640141934443,-1.966147596479349
1960-10-01,29.75,6.1,21.742,27.622,540.197,1960,0.6768189509306133,0.03385240352065111,49.364000000000004,9.138147749802387,55.74270127379456,-1.3231810490693867
1961-01-01,29.84,6.6,21.658,27.56,545.018,1961,0.30252100840335583,0.6768189509306133,49.218,9.03052743212151,59.60148105200196,-1.6974789915966442
1961-04-01,29.81,7.0,21.899,26.627,555.545,1961,-0.10053619302949901,0.30252100840335583,48.525999999999996,8.73484596207328,61.14392173451296,-2.100536193029499
1961-07-01,29.92,7.0,23.326,27.779,567.664,1961,0.3690036900369176,-0.10053619302949901,51.105000000000004,9.002684686716087,63.01879280701261,-1.6309963099630824
1961-10-01,29.98,6.5,23.87,28.442,580.612,1961,0.20053475935828402,0.3690036900369176,52.312,9.009803448774742,58.56372241703582,-1.799465240641716
1962-01-01,30.04,5.8,24.314,28.325,594.013,1962,0.2001334222815121,0.20053475935828402,52.638999999999996,8.861590571250124,51.39722531325072,-1.799866577718488
1962-04-01,30.21,5.6,24.884,29.662,600.366,1962,0.565912117177092,0.2001334222815121,54.546,9.085457870698873,50.87856407591369,-1.434087882822908
1962-07-01,30.22,5.4,25.111,29.593,609.027,1962,0.033101621979469975,0.565912117177092,54.704,8.982196191630255,48.50385943480338,-1.96689837802053
1962-10-01,30.38,5.4,25.55,28.683,612.28,1962,0.5294506949040434,0.033101621979469975,54.233000000000004,8.85754883386686,47.83076370288104,-1.4705493050959566
1963-01-01,30.44,5.7,25.185,29.161,621.672,1963,0.19749835418039208,0.5294506949040434,54.346000000000004,8.741908916599108,49.82888082461492,-1.802501645819608
1963-04-01,30.48,5.7,25.89,31.448,629.752,1963,0.13140604467805073,0.19749835418039208,57.338,9.104853974262886,51.89766765329845,-1.8685939553219493
1963-07-01,30.69,5.6,26.704,31.215,644.444,1963,0.6889763779527547,0.13140604467805073,57.919,8.987437232715333,50.32964850320586,-1.3110236220472453
1963-10-01,30.75,5.5,26.764,32.474,653.938,1963,0.19550342130987275,0.6889763779527547,59.238,9.05865693689616,49.82261315292888,-1.8044965786901273
1964-01-01,30.94,5.6,26.978,34.192,669.822,1964,0.6178861788617818,0.19550342130987275,61.17,9.132276933274811,51.14075082633894,-1.3821138211382182
1964-04-01,30.95,5.3,27.726,34.03,678.674,1964,0.03232062055591456,0.6178861788617818,61.756,9.099508747940838,48.22739636408644,-1.9676793794440854
1964-07-01,31.02,4.9,28.429,35.375,692.031,1964,0.22617124394184174,0.03232062055591456,63.804,9.21981818733554,45.17710911794415,-1.7738287560581583
1964-10-01,31.12,5.1,29.285,36.48,697.319,1964,0.3223726627981982,0.22617124394184174,65.765,9.431121194173686,48.09871809028579,-1.6776273372018018
1965-01-01,31.28,4.9,28.457,32.969,717.79,1965,0.5141388174807249,0.3223726627981982,61.426,8.557656138982155,41.93251508101256,-1.4858611825192751
1965-04-01,31.38,4.8,31.679,38.367,730.191,1965,0.31969309462915874,0.5141388174807249,70.04599999999999,9.592832560247935,46.04559628919009,-1.6803069053708413
1965-07-01,31.58,4.4,32.03,37.551,749.323,1965,0.6373486297004405,0.31969309462915874,69.581,9.285848692753326,40.85773424811464,-1.3626513702995595
1965-10-01,31.65,4.2,33.948,39.698,771.857,1965,0.2216592780240667,0.6373486297004405,73.646,9.541404690247028,40.07389969903752,-1.7783407219759333
1966-01-01,31.88,4.0,34.99,39.356,795.734,1966,0.7266982622432971,0.2216592780240667,74.346,9.343071931072444,37.37228772428978,-1.2733017377567029
1966-04-01,32.28,3.8,36.24,40.872,804.981,1966,1.2547051442910906,0.7266982622432971,77.112,9.579356531396392,36.40155481930629,-0.7452948557089094
1966-07-01,32.45,3.8,38.171,40.857,819.638,1966,0.5266418835192077,1.2547051442910906,79.02799999999999,9.641817485280086,36.638906444064325,-1.4733581164807923
1966-10-01,32.85,3.7,38.829,42.594,833.302,1966,1.232665639445285,0.5266418835192077,81.423,9.77112739439003,36.15317135924311,-0.7673343605547149
1967-01-01,32.9,3.9,39.432,43.886,844.17,1967,0.15220700152205335,1.232665639445285,83.31800000000001,9.869812952367415,38.492270514232914,-1.8477929984779466
1967-04-01,33.1,3.8,39.02,43.239,848.983,1967,0.6079027355623268,0.15220700152205335,82.259,9.689122161456707,36.818664213535484,-1.3920972644376732
1967-07-01,33.4,3.8,39.543,42.845,865.233,1967,0.9063444108761143,0.6079027355623268,82.388,9.522059375913772,36.183825628472334,-1.0936555891238857
1967-10-01,33.7,4.0,41.652,43.896,881.439,1967,0.8982035928143839,0.9063444108761143,85.548,9.705492949597193,38.82197179838877,-1.1017964071856161
1968-01-01,34.1,3.7,44.399,45.452,909.387,1968,1.1869436201780381,0.8982035928143839,89.851,9.880391956339821,36.55745023845734,-0.8130563798219619
1968-04-01,34.4,3.5,45.416,47.165,934.344,1968,0.8797653958944274,1.1869436201780381,92.58099999999999,9.908663190430932,34.680321166508264,-1.1202346041055726
1968-07-01,34.9,3.7,48.24,49.891,950.825,1968,1.4534883720930258,0.8797653958944274,98.131,10.320616306891385,38.186280335498125,-0.5465116279069742
1968-10-01,35.3,3.4,48.17,49.116,968.03,1968,1.1461318051575908,1.4534883720930258,97.286,10.049895147877649,34.169643502784005,-0.8538681948424092
1969-01-01,35.7,3.4,43.804,44.042,993.337,1969,1.1331444759207,1.1461318051575908,87.846,8.843524403097842,30.06798297053266,-0.8668555240793001
1969-04-01,36.3,3.4,52.671,53.775,1009.02,1969,1.680672268907557,1.1331444759207,106.446,10.549444014984836,35.86810965094844,-0.31932773109244295
1969-07-01,36.8,3.5,52.365,53.596,1029.956,1969,1.377410468319562,1.680672268907557,105.961,10.287915211911965,36.00770324169188,-0.622589531680438
1969-10-01,37.3,3.7,53.126,56.275,1038.147,1969,1.3586956521739024,1.377410468319562,109.401,10.53810298541536,38.990981046036836,-0.6413043478260976
1970-01-01,37.9,3.9,53.517,57.031,1051.2,1970,1.608579088471851,1.3586956521739024,110.548,10.516362252663622,41.013812785388126,-0.39142091152814906
1970-04-01,38.5,4.6,55.204,60.411,1067.375,1970,1.58311345646438,1.608579088471851,115.61500000000001,10.831713315376508,49.82588125073193,-0.41688654353561994
1970-07-01,38.9,5.0,56.431,60.519,1086.059,1970,1.0389610389610393,1.58311345646438,116.94999999999999,10.768291593734777,53.84145796867388,-0.9610389610389607
1970-10-01,39.4,5.5,57.888,60.873,1088.608,1970,1.285347043701801,1.0389610389610393,118.761,10.909436638349158,60.00190151092037,-0.7146529562981989
1971-01-01,39.9,5.9,58.651,63.221,1135.156,1971,1.2690355329949332,1.285347043701801,121.872,10.736145516563363,63.34325854772385,-0.7309644670050668
1971-04-01,40.1,5.9,63.296,62.894,1156.271,1971,0.5012531328320913,1.2690355329949332,126.19,10.913531516400568,64.38983594676336,-1.4987468671679087
1971-07-01,40.6,6.0,65.482,65.717,1177.675,1971,1.2468827930174564,0.5012531328320913,131.199,11.14050990298682,66.84305941792091,-0.7531172069825436
1971-10-01,40.9,5.8,61.939,60.019,1190.297,1971,0.738916256157629,1.2468827930174564,121.958,10.24601423006191,59.42688253435907,-1.261083743842371
1972-01-01,41.2,5.8,72.173,68.639,1230.609,1972,0.7334963325183574,0.738916256157629,140.812,11.44246466586869,66.36629506203839,-1.2665036674816426
1972-04-01,41.5,5.7,71.409,67.152,1266.369,1972,0.7281553398058138,0.7334963325183574,138.561,10.941597591223411,62.36710626997345,-1.2718446601941862
1972-07-01,41.8,5.6,74.09,71.453,1290.566,1972,0.7228915662650603,0.7281553398058138,145.543,11.277455008112721,63.153748045431236,-1.2771084337349397
1972-10-01,42.2,5.6,79.19,76.129,1328.904,1972,0.9569377990430672,0.7228915662650603,155.31900000000002,11.687751711184555,65.4514095826335,-1.0430622009569328
1973-01-01,42.7,4.9,85.36,83.959,1377.49,1973,1.1848341232227444,0.9569377990430672,169.31900000000002,12.291849668600136,60.23006337614067,-0.8151658767772556
1973-04-01,43.7,5.0,89.468,91.923,1413.887,1973,2.3419203747072626,1.1848341232227444,181.39100000000002,12.82924307246619,64.14621536233095,0.34192037470726255
1973-07-01,44.2,4.8,91.139,97.576,1433.838,1973,1.1441647597254079,2.3419203747072626,188.71499999999997,13.161528708264111,63.17533779966773,-0.8558352402745921
1973-10-01,45.6,4.6,98.669,107.62,1476.289,1973,3.1674208144796268,1.1441647597254079,206.289,13.973483511697236,64.27802415380728,1.1674208144796268
1974-01-01,46.8,5.1,110.315,116.709,1491.209,1974,2.631578947368407,3.1674208144796268,227.024,15.224157043043595,77.64320091952233,0.631578947368407
1974-04-01,48.1,5.1,129.382,126.668,1530.056,1974,2.77777777777779,2.631578947368407,256.05,16.734681606424864,85.3468761927668,0.7777777777777901
1974-07-01,49.3,5.5,133.61,126.638,1560.026,1974,2.494802494802495,2.77777777777779,260.24800000000005,16.68228606446303,91.75257335454667,0.49480249480249494
1974-10-01,51.0,6.0,136.552,136.585,1599.679,1974,3.4482758620689724,2.494802494802495,273.137,17.074488069168876,102.44692841501325,1.4482758620689724
1975-01-01,52.3,8.1,124.888,141.369,1616.116,1975,2.549019607843128,3.4482758620689724,266.257,16.475116885174085,133.44844676991008,0.5490196078431282
1975-04-01,53.0,8.8,115.245,136.827,1651.853,1975,1.3384321223709472,2.549019607843128,252.072,15.259953518866388,134.28759096602423,-0.6615678776290528
1975-07-01,54.0,8.6,122.055,134.098,1709.82,1975,1.8867924528301883,1.3384321223709472,256.153,14.98128457966336,128.8390473851049,-0.11320754716981174
1975-10-01,54.9,8.4,128.73,142.531,1761.831,1975,1.6666666666666607,1.8867924528301883,271.26099999999997,15.396539168626274,129.33092901646071,-0.33333333333333925
1976-01-01,55.8,7.9,138.938,143.588,1820.487,1976,1.6393442622950838,1.6666666666666607,282.52599999999995,15.519253913925226,122.6021059200093,-0.3606557377049162
1976-04-01,56.1,7.7,147.116,146.621,1852.332,1976,0.5376344086021501,1.6393442622950838,293.737,15.857686419065264,122.10418542680253,-1.46236559139785
1976-07-01,57.0,7.8,155.848,151.775,1886.558,1976,1.6042780748663166,0.5376344086021501,307.62300000000005,16.306045189175208,127.18715247556662,-0.3957219251336834
1976-10-01,57.9,7.7,162.68,156.076,1934.273,1976,1.5789473684210575,1.6042780748663166,318.756,16.47936976838326,126.89114721655112,-0.42105263157894246
1977-01-01,58.7,7.5,176.433,155.354,1988.648,1977,1.3816925734024155,1.5789473684210575,331.78700000000003,16.684048660195273,125.13036495146454,-0.6183074265975845
1977-04-01,60.0,7.2,183.042,161.906,2055.909,1977,2.2146507666098714,1.3816925734024155,344.948,16.778369081510903,120.8042573868785,0.21465076660987137
1977-07-01,60.8,6.9,182.904,162.325,2118.473,1977,1.3333333333333197,2.2146507666098714,345.229,16.296124614285855,112.4432598385724,-0.6666666666666803
1977-10-01,61.6,6.8,187.391,157.809,2164.27,1977,1.3157894736842257,1.3333333333333197,345.2,15.94995079172192,108.45966538370905,-0.6842105263157743
1978-01-01,62.7,6.4,203.282,164.601,2202.76,1978,1.7857142857142794,1.3157894736842257,367.88300000000004,16.701002378833827,106.8864152245365,-0.21428571428572063
1978-04-01,63.9,6.1,208.84,186.215,2331.633,1978,1.9138755980861122,1.7857142857142794,395.055,16.94327537824349,103.3539798072853,-0.08612440191388782
1978-07-01,65.5,6.2,215.062,191.302,2395.053,1978,2.5039123630672844,1.9138755980861122,406.36400000000003,16.966806162535864,105.19419820772237,0.5039123630672844
1978-10-01,67.1,5.8,221.815,205.415,2476.949,1978,2.442748091603053,2.5039123630672844,427.23,17.248235631819632,100.03976666455387,0.44274809160305306
1979-01-01,68.5,5.9,229.828,211.669,2526.61,1979,2.086438152011927,2.442748091603053,441.497,17.473887936800693,103.0959388271241,0.08643815201192684
1979-04-01,70.6,5.8,243.097,220.908,2591.247,1979,3.065693430656924,2.086438152011927,464.005,17.90662951081082,103.85845116270275,1.065693430656924
1979-07-01,73.0,5.7,257.306,234.277,2667.565,1979,3.3994334277620553,3.065693430656924,491.58299999999997,18.428154515447606,105.04048073805136,1.3994334277620553
1979-10-01,75.2,6.0,280.466,253.664,2723.883,1979,3.013698630136985,3.3994334277620553,534.13,19.60913886536243,117.65483319217458,1.013698630136985
1980-01-01,78.0,6.3,304.311,268.508,2789.842,1980,3.7234042553191404,3.013698630136985,572.819,20.532309715030454,129.35355120469185,1.7234042553191404
1980-04-01,80.9,6.9,292.6,277.389,2797.352,1980,3.717948717948727,3.7234042553191404,569.989,20.376019893098903,140.59453726238243,1.717948717948727
1980-07-01,82.6,7.8,279.202,284.673,2856.483,1980,2.1013597033374465,3.717948717948727,563.875,19.74018399549376,153.9734351648513,0.10135970333744648
1980-10-01,84.7,7.5,299.2,292.517,2985.557,1980,2.5423728813559476,2.1013597033374465,591.717,19.81931679750211,148.64487598126584,0.5423728813559476
1981-01-01,87.2,7.5,319.726,305.467,3124.206,1981,2.951593860684776,2.5423728813559476,625.193,20.011260461057944,150.0844534579346,0.9515938606847758
1981-04-01,89.1,7.2,321.963,308.455,3162.532,1981,2.178899082568808,2.951593860684776,630.418,19.933964304550912,143.52454299276658,0.17889908256880815
1981-07-01,91.5,7.2,309.9,302.339,3260.609,1981,2.6936026936027035,2.178899082568808,612.239,18.776829727207403,135.1931740358933,0.6936026936027035
1981-10-01,93.4,7.9,319.445,304.695,3280.818,1981,2.0765027322404483,2.6936026936027035,624.14,19.023914157993524,150.28892184814885,0.07650273224044835
1982-01-01,94.4,8.6,309.478,293.202,3274.302,1982,1.0706638115631772,2.0765027322404483,602.6800000000001,18.40636569259647,158.29474495632962,-0.9293361884368228
1982-04-01,95.0,9.3,299.115,294.729,3331.972,1982,0.6355932203389703,1.0706638115631772,593.844,17.822598749329227,165.75016836876182,-1.3644067796610297
1982-07-01,97.5,9.8,309.282,279.634,3366.322,1982,2.6315789473684292,0.6355932203389703,588.9159999999999,17.4943454607135,171.44458551499233,0.6315789473684292
1982-10-01,98.1,10.4,294.861,265.274,3402.561,1982,0.6153846153846176,2.6315789473684292,560.135,16.462158944395117,171.20645302170922,-1.3846153846153824
1983-01-01,97.9,10.4,295.251,270.703,3473.413,1983,-0.20387359836899765,0.6153846153846176,565.954,16.293887309110662,169.45642801475088,-2.2038735983689977
1983-04-01,98.8,10.2,317.949,272.514,3578.848,1983,0.9193054136874323,-0.20387359836899765,590.463,16.49868896359946,168.28662742871447,-1.0806945863125677
1983-07-01,99.8,9.4,343.381,278.181,3689.179,1983,1.0121457489878471,0.9193054136874323,621.5619999999999,16.848247265855083,158.37352429903777,-0.9878542510121529
1983-10-01,100.8,8.8,357.972,286.587,3794.706,1983,1.002004008016022,1.0121457489878471,644.559,16.98574276900503,149.47453636724427,-0.997995991983978
1984-01-01,102.1,8.0,387.978,292.975,3908.054,1984,1.289682539682535,1.002004008016022,680.953,17.42434981707008,139.39479853656064,-0.7103174603174649
1984-04-01,103.3,7.7,406.501,302.2,4009.601,1984,1.175318315377094,1.289682539682535,708.701,17.675100340407937,136.09827262114112,-0.8246816846229059
1984-07-01,104.1,7.5,409.591,305.744,4084.25,1984,0.7744433688286589,1.175318315377094,715.335,17.514476342045665,131.35857256534248,-1.225556631171341
1984-10-01,105.1,7.4,416.359,308.603,4148.551,1984,0.9606147934678289,0.7744433688286589,724.962,17.475065390301335,129.3154838882299,-1.0393852065321711
1985-01-01,105.7,7.3,397.308,306.01,4230.168,1985,0.570884871550903,0.9606147934678289,703.318,16.62624274024105,121.37157200375967,-1.429115128449097
1985-04-01,107.0,7.3,418.571,304.126,4294.887,1985,1.229895931882674,0.570884871550903,722.697,16.826915353069825,122.83648207740973,-0.7701040681173259
1985-07-01,107.7,7.4,414.168,297.273,4386.773,1985,0.6542056074766434,1.229895931882674,711.441,16.217866755357527,120.0122139896457,-1.3457943925233566
1985-10-01,108.5,7.1,438.867,305.433,4444.094,1985,0.742804085422466,0.6542056074766434,744.3,16.748070585365653,118.91130115609613,-1.257195914577534
1986-01-01,109.9,6.7,439.418,313.404,4507.894,1986,1.2903225806451646,0.742804085422466,752.822,16.700082122605366,111.89055022145595,-0.7096774193548354
1986-04-01,108.7,7.1,443.99,315.119,4545.34,1986,-1.0919017288444022,1.2903225806451646,759.109,16.700818860635287,118.57581391051053,-3.091901728844402
1986-07-01,109.5,7.0,459.432,320.471,4607.669,1986,0.7359705611775569,-1.0919017288444022,779.903,16.926194134170665,118.48335893919466,-1.2640294388224431
1986-10-01,110.2,7.0,468.628,334.999,4657.627,1986,0.6392694063926951,0.7359705611775569,803.627,17.254000803413412,120.77800562389388,-1.3607305936073049
1987-01-01,111.4,6.6,477.685,336.451,4722.156,1987,1.0889292196007316,0.6392694063926951,814.136,17.24076883525237,113.78907431266565,-0.9110707803992684
1987-04-01,112.7,6.3,502.337,355.36,4806.16,1987,1.1669658886894085,1.0889292196007316,857.697,17.84578540872547,112.42844807497045,-0.8330341113105915
1987-07-01,113.8,6.1,517.318,371.854,4884.555,1987,0.9760425909494108,1.1669658886894085,889.172,18.20374629828101,111.04285241951416,-1.0239574090505892
1987-10-01,115.0,6.0,537.511,392.107,5007.994,1987,1.0544815465729274,0.9760425909494108,929.6179999999999,18.56268198404391,111.37609190426346,-0.9455184534270726
1988-01-01,116.0,5.7,542.714,418.727,5073.372,1988,0.8695652173912993,1.0544815465729274,961.441,18.95072941625412,108.01915767264849,-1.1304347826087007
1988-04-01,117.2,5.4,546.098,439.471,5190.036,1988,1.0344827586207028,0.8695652173912993,985.569,18.989637066101274,102.54404015694689,-0.9655172413792972
1988-07-01,118.5,5.4,552.849,453.586,5282.835,1988,1.1092150170648463,1.0344827586207028,1006.4350000000001,19.051039829939796,102.87561508167491,-0.8907849829351537
1988-10-01,119.9,5.4,574.314,466.619,5399.509,1988,1.181434599156117,1.1092150170648463,1040.933,19.2782899333995,104.1027656403573,-0.818565400843883
1989-01-01,121.2,5.4,586.154,485.189,5511.253,1989,1.0842368640533673,1.181434599156117,1071.343,19.439191051472328,104.97163167795058,-0.9157631359466327
1989-04-01,123.1,5.2,595.389,507.229,5612.463,1989,1.5676567656765616,1.0842368640533673,1102.618,19.64588452520756,102.15859953107932,-0.43234323432343835
1989-07-01,124.5,5.2,584.427,509.352,5695.365,1989,1.1372867587327473,1.5676567656765616,1093.779,19.204721734252328,99.8645530181121,-0.8627132412672527
1989-10-01,125.4,5.3,598.152,515.387,5747.237,1989,0.7228915662650603,1.1372867587327473,1113.539,19.375205859789666,102.68859105688523,-1.2771084337349397
1990-01-01,127.5,5.4,626.767,538.232,5872.701,1990,1.674641148325362,0.7228915662650603,1164.999,19.837533019304065,107.12267830424196,-0.32535885167463796
1990-04-01,128.9,5.4,614.759,545.925,5960.028,1990,1.098039215686275,1.674641148325362,1160.684,19.47447226757995,105.16215024493175,-0.901960784313725
1990-07-01,130.5,5.5,630.102,555.149,6015.116,1990,1.2412723041117069,1.098039215686275,1185.251,19.704541026307723,108.37497564469248,-0.7587276958882931
1990-10-01,133.4,5.9,647.282,568.186,6004.733,1990,2.2222222222222365,1.2412723041117069,1215.468,20.24183256774281,119.42681214968259,0.22222222222223653
1991-01-01,134.7,6.4,620.317,573.177,6035.178,1991,0.9745127436281642,2.2222222222222365,1193.4940000000001,19.775622193744745,126.56398203996638,-1.0254872563718358
1991-04-01,135.1,6.7,613.921,590.733,6126.862,1991,0.29695619896066283,0.9745127436281642,1204.654,19.661843207828085,131.73434949244816,-1.7030438010393372
1991-07-01,136.2,6.8,621.669,600.595,6205.937,1991,0.8142116950407008,0.29695619896066283,1222.2640000000001,19.695075860422044,133.9265158508699,-1.1857883049592992
1991-10-01,137.2,7.0,638.27,615.217,6264.54,1991,0.7342143906020615,0.8142116950407008,1253.487,20.009242498252068,140.06469748776448,-1.2657856093979385
1992-01-01,138.3,7.3,645.823,625.287,6363.102,1992,0.8017492711370533,0.7342143906020615,1271.1100000000001,19.976263149639912,145.82672099237135,-1.1982507288629467
1992-04-01,139.4,7.4,658.951,626.163,6470.763,1992,0.7953723788864719,0.8017492711370533,1285.114,19.860316318183806,146.96634075456018,-1.204627621113528
1992-07-01,140.5,7.7,677.853,639.365,6566.641,1992,0.7890961262553731,0.7953723788864719,1317.2179999999998,20.059235764525578,154.45611538684696,-1.210903873744627
1992-10-01,141.7,7.3,688.536,641.396,6680.803,1992,0.8540925266903754,0.7890961262553731,1329.9319999999998,19.906768692326356,145.31941145398238,-1.1459074733096246
1993-01-01,142.8,7.3,699.31,643.606,6729.459,1993,0.7762879322512406,0.8540925266903754,1342.916,19.955779506198045,145.67719039524573,-1.2237120677487594
1993-04-01,143.8,7.1,716.281,653.094,6808.939,1993,0.7002801120448154,0.7762879322512406,1369.375,20.111429989312576,142.79115292411927,-1.2997198879551846
1993-07-01,144.5,6.9,719.251,650.897,6882.098,1993,0.48678720445061163,0.7002801120448154,1370.1480000000001,19.90887081235984,137.3712086052829,-1.5132127955493884
1993-10-01,145.6,6.8,745.049,671.6,7013.738,1993,0.7612456747404739,0.48678720445061163,1416.649,20.198202442121445,137.34777660642584,-1.2387543252595261
1994-01-01,146.3,6.6,761.827,681.232,7115.652,1994,0.48076923076925127,0.7612456747404739,1443.059,20.280067097154273,133.8484428412182,-1.5192307692307487
1994-04-01,147.2,6.4,797.56,706.988,7246.931,1994,0.615174299384802,0.48076923076925127,1504.548,20.761174626886884,132.87151761207608,-1.384825700615198
1994-07-01,148.4,6.1,833.751,736.883,7331.075,1994,0.8152173913043681,0.615174299384802,1570.634,21.424334084701087,130.68843791667663,-1.184782608695632
1994-10-01,149.4,5.8,860.559,758.646,7455.288,1994,0.6738544474393482,0.8152173913043681,1619.205,21.718879270659965,125.96949976982779,-1.3261455525606518
1995-01-01,150.5,5.6,886.899,781.57,7522.289,1995,0.7362784471218076,0.6738544474393482,1668.469,22.18033633113538,124.20988345435812,-1.2637215528781924
1995-04-01,151.8,5.8,908.343,798.851,7580.997,1995,0.8637873754152814,0.7362784471218076,1707.194,22.51938630235574,130.6124405536633,-1.1362126245847186
1995-07-01,152.6,5.7,905.843,831.399,7683.125,1995,0.5270092226613787,0.8637873754152814,1737.242,22.611138046042463,128.88348686244206,-1.4729907773386213
1995-10-01,153.5,5.5,909.201,839.421,7772.586,1995,0.5897771952817932,0.5270092226613787,1748.622,22.497300126367207,123.73515069501964,-1.4102228047182068
1996-01-01,154.7,5.6,936.735,847.94,7868.468,1996,0.7817589576547102,0.5897771952817932,1784.6750000000002,22.681352964770273,127.01557660271352,-1.2182410423452898
1996-04-01,156.1,5.6,952.751,859.042,8032.84,1996,0.9049773755656076,0.7817589576547102,1811.7930000000001,22.554824943606498,126.30701968419638,-1.0950226244343924
1996-07-01,157.0,5.5,973.757,859.577,8131.408,1996,0.5765534913517056,0.9049773755656076,1833.3339999999998,22.546328999848487,124.00480949916668,-1.4234465086482944
1996-10-01,158.2,5.2,992.62,903.798,8259.771,1996,0.7643312101910826,0.5765534913517056,1896.4180000000001,22.959692223912747,119.39039956434628,-1.2356687898089174
1997-01-01,159.4,5.3,1027.213,918.374,8362.655,1997,0.7585335018963413,0.7643312101910826,1945.587,23.265183126650566,123.305470571248,-1.2414664981036587
1997-04-01,159.9,5.1,1039.651,954.45,8518.825,1997,0.31367628607277265,0.7585335018963413,1994.101,23.408169553899743,119.38166472488868,-1.6863237139272274
1997-07-01,160.4,4.9,1070.888,974.057,8662.823,1997,0.3126954346466482,0.31367628607277265,2044.945,23.605988486663065,115.66934358464903,-1.6873045653533518
1997-10-01,161.5,4.7,1085.344,968.33,8765.907,1997,0.6857855361595888,0.3126954346466482,2053.674,23.427969290570847,110.11145566568298,-1.3142144638404112
1998-01-01,162.0,4.6,1098.236,963.021,8866.48,1998,0.3095975232198178,0.6857855361595888,2061.257,23.24774882478729,106.93964459402153,-1.6904024767801822
1998-04-01,162.2,4.3,1109.626,947.295,8969.699,1998,0.12345679012344402,0.3095975232198178,2056.921,22.931884336364014,98.60710264636526,-1.876543209876556
1998-07-01,163.2,4.5,1109.897,935.263,9121.097,1998,0.6165228113440113,0.12345679012344402,2045.1599999999999,22.422302931325035,100.90036319096265,-1.3834771886559887
1998-10-01,163.9,4.5,1145.0,966.337,9293.991,1998,0.42892156862746056,0.6165228113440113,2111.337,22.71722664676564,102.22751991044538,-1.5710784313725394
1999-01-01,164.7,4.3,1173.324,960.764,9411.682,1999,0.48810250152531154,0.42892156862746056,2134.088,22.674884255545397,97.5020022988452,-1.5118974984746885
1999-04-01,165.9,4.3,1222.126,974.597,9526.21,1999,0.7285974499089409,0.48810250152531154,2196.723,23.059779282631816,99.1570509153168,-1.271402550091059
1999-07-01,166.7,4.3,1281.712,1005.309,9686.626,1999,0.4822182037371725,0.7285974499089409,2287.0209999999997,23.610088796656335,101.52338182562224,-1.5177817962628275
1999-10-01,168.1,4.1,1332.679,1030.971,9900.169,1999,0.8398320335932796,0.4822182037371725,2363.65,23.874844964767775,97.88686435554787,-1.1601679664067204
2000-01-01,169.3,4.0,1409.487,1052.904,10002.179,2000,0.7138607971445721,0.8398320335932796,2462.391,24.61854561890964,98.47418247563856,-1.286139202855428
2000-04-01,170.9,3.8,1455.86,1093.36,10247.72,2000,0.945067926757237,0.7138607971445721,2549.22,24.8759724114242,94.52869516341195,-1.054932073242763
2000-07-01,172.7,4.0,1518.869,1125.002,10318.165,2000,1.0532475131655783,0.945067926757237,2643.871,25.623461148372794,102.49384459349118,-0.9467524868344217
2000-10-01,173.9,3.9,1524.52,1113.177,10435.744,2000,0.6948465547191862,1.0532475131655783,2637.697,25.275600857974283,98.5748433460997,-1.3051534452808138
2001-01-01,175.6,4.2,1499.464,1096.812,10470.231,2001,0.9775733179988366,0.6948465547191862,2596.276,24.796740396654094,104.1463096659472,-1.0224266820011634
2001-04-01,176.4,4.4,1422.028,1058.013,10599.0,2001,0.4555808656036442,0.9775733179988366,2480.041,23.39882064345693,102.9548108312105,-1.5444191343963558
2001-07-01,177.4,4.6,1369.536,998.902,10598.02,2001,0.5668934240362855,0.4555808656036442,2368.438,22.347929141481146,102.80047405081326,-1.4331065759637145
2001-10-01,177.6,5.3,1323.208,953.52,10660.465,2001,0.11273957158961512,0.5668934240362855,2276.728,21.356741943245442,113.19073229920085,-1.8872604284103849
2002-01-01,177.7,5.7,1356.041,969.157,10783.5,2002,0.05630630630630851,0.11273957158961512,2325.198,21.562553901794406,122.90655724022811,-1.9436936936936915
2002-04-01,179.3,5.9,1432.413,1004.154,10887.46,2002,0.9003939223410473,0.05630630630630851,2436.567,22.379572462263926,132.03947752735718,-1.0996060776589527
2002-07-01,180.0,5.8,1463.107,1015.56,10984.04,2002,0.3904071388733943,0.9003939223410473,2478.667,22.566077690904255,130.88325060724466,-1.6095928611266057
2002-10-01,181.2,5.7,1499.335,1003.046,11061.433,2002,0.6666666666666599,0.3904071388733943,2502.3810000000003,22.62257521245213,128.94867871097713,-1.3333333333333401
2003-01-01,182.6,5.8,1529.463,1004.201,11174.129,2003,0.7726269315673218,0.6666666666666599,2533.6639999999998,22.674375783562187,131.51137954466068,-1.2273730684326782
2003-04-01,183.2,6.0,1527.336,1007.465,11312.766,2003,0.3285870755750153,0.7726269315673218,2534.801,22.40655379948635,134.4393227969181,-1.6714129244249847
2003-07-01,183.7,6.2,1556.304,1037.31,11566.669,2003,0.27292576419213344,0.3285870755750153,2593.614,22.423171269100898,139.02366186842556,-1.7270742358078666
2003-10-01,184.9,6.0,1615.376,1091.682,11772.234,2003,0.6532389765922852,0.27292576419213344,2707.058,22.995278551207868,137.97167130724722,-1.3467610234077148
2004-01-01,186.3,5.7,1699.644,1133.669,11923.447,2004,0.7571660356949783,0.6532389765922852,2833.313,23.76253276422498,135.4464367560824,-1.2428339643050217
2004-04-01,187.4,5.6,1787.734,1170.152,12112.815,2004,0.5904455179817525,0.7571660356949783,2957.886,24.419476397517833,136.74906782609986,-1.4095544820182475
2004-07-01,189.1,5.5,1832.856,1180.185,12305.307,2004,0.9071504802561359,0.5904455179817525,3013.041,24.48570360739476,134.6713698406712,-1.0928495197438641
2004-10-01,190.8,5.5,1921.78,1221.444,12527.214,2004,0.8989952406134316,0.9071504802561359,3143.224,25.091165521719354,138.00141036945644,-1.1010047593865684
2005-01-01,191.6,5.3,1955.063,1258.408,12767.286,2005,0.41928721174002703,0.8989952406134316,3213.471,25.169570102839394,133.39872154504877,-1.580712788259973
2005-04-01,193.7,5.2,2002.063,1294.853,12922.656,2005,1.096033402922747,0.41928721174002703,3296.916,25.51268098446635,132.665941119225,-0.903966597077253
2005-07-01,194.9,5.0,2053.275,1302.315,13142.642,2005,0.6195147134744561,1.096033402922747,3355.59,25.532080992543204,127.66040496271602,-1.380485286525544
2005-10-01,199.1,5.0,2155.529,1350.743,13324.204,2005,2.1549512570548934,0.6195147134744561,3506.272,26.31505792015793,131.57528960078966,0.15495125705489343
2006-01-01,199.3,4.7,2204.784,1413.966,13599.16,2006,0.10045203415369741,2.1549512570548934,3618.75,26.61009944731881,125.0674674023984,-1.8995479658463026
2006-04-01,200.7,4.7,2253.809,1459.767,13753.424,2006,0.702458605117906,0.10045203415369741,3713.576,27.001101689295698,126.90517793968979,-1.297541394882094
2006-07-01,202.9,4.7,2298.702,1475.417,13870.188,2006,1.096163428002006,0.702458605117906,3774.119,27.210294481949344,127.88838406516192,-0.9038365719979939
2006-10-01,201.9,4.4,2269.198,1531.531,14039.56,2006,-0.4928536224741209,1.096163428002006,3800.729,27.07156776993011,119.11489818769249,-2.492853622474121
2007-01-01,203.437,4.6,2317.264,1577.991,14215.651,2007,0.7612679544328982,-0.4928536224741209,3895.255,27.401172130632638,126.04539180091012,-1.2387320455671018
2007-04-01,205.904,4.5,2368.569,1622.764,14402.082,2007,1.2126604305018107,0.7612679544328982,3991.3329999999996,27.713583355517624,124.7111250998293,-0.7873395694981893
2007-07-01,207.603,4.7,2414.664,1685.71,14564.117,2007,0.8251418136607347,1.2126604305018107,4100.374,28.153948502336252,132.3235579609804,-1.1748581863392653
2007-10-01,209.19,4.7,2480.413,1750.714,14715.058,2007,0.7644398202337976,0.8251418136607347,4231.127,28.753722887126916,135.1424975694965,-1.2355601797662024
2008-01-01,212.174,5.0,2584.568,1813.321,14706.538,2008,1.4264544194273254,0.7644398202337976,4397.889,29.90431194615619,149.52155973078095,-0.5735455805726746
2008-04-01,213.942,5.0,2681.686,1905.282,14865.701,2008,0.8332783470170746,1.4264544194273254,4586.968,30.856049102561663,154.2802455128083,-1.1667216529829254
2008-07-01,219.016,5.8,2709.569,1922.215,14898.999,2008,2.371670826672645,0.8332783470170746,4631.784,31.08788717953468,180.30974564130113,0.37167082667264495
2008-10-01,216.995,6.5,2328.779,1700.304,14608.209,2008,-0.9227636337071243,2.371670826672645,4029.083,27.58095123091407,179.27618300094147,-2.9227636337071243
2009-01-01,211.933,7.8,1932.761,1511.768,14430.902,2009,-2.3327726445309893,-0.9227636337071243,3444.529,23.869117813980026,186.1791189490442,-4.332772644530989
2009-04-01,212.709,9.0,1879.461,1521.093,14381.236,2009,0.3661534541576916,-2.3327726445309893,3400.554,23.645770085408515,212.81193076867663,-1.6338465458423084
2009-07-01,214.726,9.5,2018.722,1594.725,14448.882,2009,0.9482438448772612,0.3661534541576916,3613.447,25.00848854603422,237.58064118732509,-1.0517561551227388
2009-10-01,216.509,10.0,2176.763,1703.508,14651.249,2009,0.8303605525180835,0.9482438448772612,3880.2709999999997,26.484233528486207,264.8423352848621,-1.1696394474819165
2010-01-01,217.488,9.8,2269.069,1759.877,14764.61,2010,0.45217519825966335,0.8303605525180835,4028.946,27.28785927972361,267.4210209412914,-1.5478248017403367
2010-04-01,217.403,9.9,2362.255,1819.741,14980.193,2010,-0.039082616052388275,0.45217519825966335,4181.996,27.916836585483246,276.37668219628415,-2.0390826160523883
2010-07-01,217.605,9.4,2431.195,1877.253,15141.607,2010,0.09291500117294405,-0.039082616052388275,4308.448,28.45436419000969,267.47102338609113,-1.907084998827056
2010-10-01,219.035,9.4,2495.702,1972.116,15309.474,2010,0.6571540176006918,0.09291500117294405,4467.818,29.183354045997923,274.32352803238047,-1.3428459823993082
2011-01-01,221.187,9.1,2608.884,2040.407,15351.448,2011,0.9824913826557369,0.6571540176006918,4649.291,30.285683799990725,275.5997225799156,-1.0175086173442631
2011-04-01,224.093,9.1,2697.224,2116.132,15557.539,2011,1.3138204324847136,0.9824913826557369,4813.356,30.939057906266537,281.5454269470255,-0.6861795675152864
2011-07-01,225.395,9.0,2723.903,2156.793,15647.68,2011,0.5810087776057404,1.3138204324847136,4880.696,31.19117977872758,280.72061800854823,-1.4189912223942596
2011-10-01,226.75,8.8,2751.911,2150.123,15842.259,2011,0.601166840435674,0.5810087776057404,4902.034,30.942771482274082,272.29638904401196,-1.398833159564326
2012-01-01,227.842,8.3,2792.253,2189.981,16068.805,2012,0.48158765159869166,0.601166840435674,4982.234,31.005628607727832,257.346717444141,-1.5184123484013083
2012-04-01,229.187,8.2,2780.827,2215.586,16207.115,2012,0.5903213630498394,0.48158765159869166,4996.4130000000005,30.82851574755902,252.79382912998395,-1.4096786369501606
2012-07-01,228.59,8.2,2750.817,2227.734,16319.541,2012,-0.26048597869862133,0.5903213630498394,4978.5509999999995,30.506685206403784,250.15481869251101,-2.2604859786986213
2012-10-01,231.638,7.8,2753.373,2237.498,16420.419,2012,1.3333916619274744,-0.26048597869862133,4990.871,30.394297490216292,237.07552042368707,-0.6666083380725256
2013-01-01,231.679,8.0,2755.277,2255.929,16648.189,2013,0.01770003194638825,1.3333916619274744,5011.206,30.10060733933283,240.80485871466263,-1.9822999680536117
2013-04-01,231.797,7.6,2759.783,2261.403,16728.687,2013,0.050932540282033756,0.01770003194638825,5021.186,30.015422011303095,228.1172072859035,-1.9490674597179662
2013-07-01,232.9,7.3,2767.183,2285.116,16953.838,2013,0.47584740095860667,0.050932540282033756,5052.299,29.800326038269333,217.54238007936613,-1.5241525990413933
2013-10-01,233.669,7.2,2783.259,2349.24,17192.019,2013,0.3301846285959753,0.47584740095860667,5132.499,29.853963051111098,214.9485339679999,-1.6698153714040247
2014-01-01,235.288,6.6,2853.69,2343.602,17197.738,2014,0.6928604136620553,0.3301846285959753,5197.2919999999995,30.2207883385594,199.45720303449204,-1.3071395863379447
2014-04-01,236.468,6.2,2900.572,2395.168,17518.508,2014,0.5015130393390077,0.6928604136620553,5295.74,30.229400814270253,187.42228504847557,-1.4984869606609923
2014-07-01,237.498,6.2,2888.549,2399.191,17804.228,2014,0.4355769068119075,0.5015130393390077,5287.74,29.6993500644903,184.13597039983986,-1.5644230931880925
2014-10-01,237.43,5.7,2906.969,2376.218,17912.079,2014,-0.028631820057423152,0.4355769068119075,5283.187,29.4951077426579,168.12211413315003,-2.028631820057423
2015-01-01,234.747,5.7,2825.476,2299.045,18063.529,2015,-1.1300172682474852,-0.028631820057423152,5124.521000000001,28.369434344750694,161.70577576507895,-3.130017268247485
2015-04-01,236.222,5.4,2809.968,2300.441,18279.784,2015,0.6283360383732228,-1.1300172682474852,5110.409,27.95661589874366,150.9657258532158,-1.3716639616267772
2015-07-01,238.034,5.2,2798.806,2260.724,18401.626,2015,0.7670750395813997,0.6283360383732228,5059.530000000001,27.495015929570577,142.974082833767,-1.2329249604186003
2015-10-01,237.733,5.0,2745.517,2222.279,18435.137,2015,-0.12645252358906012,0.7670750395813997,4967.796,26.947431961042657,134.73715980521328,-2.12645252358906
2016-01-01,237.652,4.8,2693.639,2181.957,18525.933,2016,-0.03407183689265736,-0.12645252358906012,4875.596,26.317681274136095,126.32487011585326,-2.0340718368926574
2016-04-01,238.992,5.1,2711.306,2221.936,18711.702,2016,0.563849662531779,-0.03407183689265736,4933.242,26.364475022101143,134.4588226127158,-1.436150337468221
2016-07-01,240.101,4.8,2751.229,2270.0,18892.639,2016,0.46403226886255755,0.563849662531779,5021.228999999999,26.577700447248265,127.57296214679167,-1.5359677311374424
2016-10-01,241.741,4.9,2799.145,2268.339,19089.379,2016,0.6830458848567922,0.46403226886255755,5067.484,26.546091415545785,130.07584793617437,-1.3169541151432078
2017-01-01,243.618,4.7,2873.148,2339.728,19280.084,2017,0.7764508296068895,0.6830458848567922,5212.876,27.03762079044884,127.07681771510956,-1.2235491703931105
2017-04-01,244.193,4.4,2903.18,2349.681,19438.643,2017,0.23602525264965202,0.7764508296068895,5252.861,27.022776229801636,118.9002154111272,-1.763974747350348
2017-07-01,244.243,4.3,2916.022,2384.524,19692.595,2017,0.02047560740887633,0.23602525264965202,5300.546,26.916442449560357,115.74070253310953,-1.9795243925911237
2017-10-01,246.626,4.2,3034.004,2479.107,20037.088,2017,0.9756676752250781,0.02047560740887633,5513.111,27.514532051763208,115.56103461740548,-1.0243323247749219
2018-01-01,248.859,4.0,3093.299,2517.268,20328.553,2018,0.9054195421407396,0.9756676752250781,5610.567,27.599441042360468,110.39776416944187,-1.0945804578592604
2018-04-01,250.227,4.0,3105.995,2562.172,20580.912,2018,0.5497088712885567,0.9054195421407396,5668.1669999999995,27.540893231553582,110.16357292621433,-1.4502911287114433
2018-07-01,251.214,3.8,3153.747,2535.501,20798.73,2018,0.39444184680310634,0.5497088712885567,5689.248,27.353824007523535,103.94453122858943,-1.6055581531968937
2018-10-01,252.772,3.8,3171.622,2537.415,20917.867,2018,0.6201883652981133,0.39444184680310634,5709.037,27.292634569289504,103.7120113633001,-1.3798116347018867
2019-01-01,252.561,4.0,3132.539,2540.244,21111.6,2019,-0.08347443545961841,0.6201883652981133,5672.783,26.870455105250198,107.48182042100079,-2.0834744354596184
2019-04-01,255.233,3.7,3165.41,2547.448,21397.938,2019,1.0579622348660278,-0.08347443545961841,5712.858,26.698170636815572,98.78323135621763,-0.9420377651339722
2019-07-01,255.802,3.7,3117.952,2532.405,21717.171,2019,0.22293355483029575,1.0579622348660278,5650.357,26.017923789429116,96.26631802088774,-1.7770664451697042
2019-10-01,257.155,3.6,3050.824,2537.466,21933.217,2019,0.5289247152094223,0.22293355483029575,5588.29,25.478660973444978,91.72317950440193,-1.4710752847905777
2020-01-01,259.127,3.6,2932.536,2430.941,21751.238,2020,0.7668526764013972,0.5289247152094223,5363.477,24.658260830946723,88.7697389914082,-1.2331473235986028
2020-04-01,256.032,14.8,2356.583,1829.691,19958.291,2020,-1.1943950263770375,0.7668526764013972,4186.274,20.975112548464196,310.4316657172701,-3.1943950263770375
2020-07-01,258.352,10.2,2804.369,2116.753,21704.437,2020,0.9061367329083803,-1.1943950263770375,4921.122,22.673345546811465,231.26812457747693,-1.0938632670916197
2020-10-01,260.319,6.9,3036.076,2277.965,22087.16,2020,0.7613643401251258,0.9061367329083803,5314.041,24.059412799110437,166.00994831386203,-1.2386356598748742
2021-01-01,262.687,6.4,3182.082,2393.033,22680.693,2021,0.9096531563197452,0.7613643401251258,5575.115,24.580884719880473,157.31766220723503,-1.0903468436802548
2021-04-01,266.614,6.1,3348.435,2522.815,23425.91,2021,1.494935036754752,0.9096531563197452,5871.25,25.06306051717948,152.8846691547948,-0.505064963245248
2021-07-01,271.903,5.4,3454.82,2581.341,23982.379,2021,1.9837667939418102,1.494935036754752,6036.161,25.16915023317745,135.91341125915824,-0.016233206058189786
2021-10-01,276.55,4.5,3686.382,2777.597,24813.6,2021,1.709065365222151,1.9837667939418102,6463.979,26.050145887738985,117.22565649482543,-0.290934634777849
2022-01-01,282.543,4.0,3914.397,2865.226,25250.347,2022,2.167058398119681,1.709065365222151,6779.623,26.849623096268733,107.39849238507493,0.16705839811968115
2022-04-01,288.561,3.7,4089.904,3093.734,25861.292,2022,2.129941283273684,2.167058398119681,7183.638,27.7775681122196,102.77700201521253,0.12994128327368415
2022-07-01,294.913,3.5,3984.675,3129.075,26336.304,2022,2.201267669574203,2.129941283273684,7113.75,27.011193370185886,94.5391767956506,0.20126766957420283
2022-10-01,298.007,3.6,3908.3,3057.684,26770.514,2022,1.049122961686999,2.201267669574203,6965.984,26.021106654881564,93.67598395757364,-0.950877038313001
2023-01-01,300.42,3.5,3880.433,3085.516,27216.445,2023,0.8097125235313252,1.049122961686999,6965.9490000000005,25.594632215926804,89.58121275574382,-1.1902874764686748
2023-04-01,302.845,3.4,3813.697,3016.211,27530.055,2023,0.8072032487850489,0.8097125235313252,6829.907999999999,24.808915201949286,84.35031168662758,-1.192796751214951
2023-07-01,304.609,3.5,3847.616,3082.082,28074.846,2023,0.5824761841866088,0.8072032487850489,6929.698,24.68294216110749,86.39029756387622,-1.4175238158133912
2023-10-01,307.696,3.9,3897.676,3109.632,28424.722,2023,1.0134303319993876,0.5824761841866088,7007.308,24.652160186474294,96.14342472724975,-0.9865696680006124
2024-01-01,309.698,3.7,3986.579,3164.101,28708.161,2024,0.6506421922936712,1.0134303319993876,7150.68,24.9081785489499,92.16026063111462,-1.3493578077063288
2024-04-01,313.023,3.9,4087.002,3192.632,29147.044,2024,1.0736265652345311,0.6506421922936712,7279.634,24.97554812076312,97.40463767097616,-0.9263734347654689
2024-07-01,313.569,4.2,4194.811,3256.486,29511.664,2024,0.17442807717005238,1.0736265652345311,7451.297,25.248650838529468,106.04433352182377,-1.8255719228299476
2024-10-01,315.631,4.1,4186.921,3248.255,29825.182,2024,0.6575905143684446,0.17442807717005238,7435.176,24.929189032274806,102.2096750323267,-1.3424094856315554
2025-01-01,318.961,4.0,4558.265,3293.661,30042.113,2025,1.0550294489451328,0.6575905143684446,7851.926,26.136397263401545,104.54558905360618,-0.9449705510548672
2025-04-01,320.302,4.2,4167.305,3267.506,30485.729,2025,0.4204275757851317,1.0550294489451328,7434.811,24.387840618802326,102.42893059896977,-1.5795724242148683
2025-07-01,322.169,4.3,4123.437,3366.868,31098.027,2025,0.5828874000162187,0.4204275757851317,7490.305,24.086110028780926,103.57027312375797,-1.4171125999837813
2026-01-01,326.588,4.3,4416.654,3524.222,31856.257,2026,1.3716403502509689,0.0,7940.876,24.927209747209158,107.18700191299938,-0.6283596497490311
